test_loss,test_mse,epoch,step
0.008790599182248116,0.01758119836449623,0,0
